timestamp,user_id,revenue
1704120956,3600553,215.02515521837555
1704601856,7894560,170.4477534140273
1704605939,9279475,150.53236946834227
1704388163,3336934,105.9886599941865
1704173757,9735556,144.26201139190502
1704621375,1445325,201.05567245504534
1704656873,2267153,212.76121160956683
1704224638,4791769,182.68667095363955
1704528024,9900093,131.09113756632104
1704311960,8138116,155.06825320445728
1704220828,8019471,207.2947964783013
1704125979,1091613,116.19382801381812
1704670269,6133010,159.7835997422403
1704274498,6953016,153.69156206564637
1704683572,1041377,101.82570212838841
1704526254,6796379,117.50431392669428
1704476373,2538973,145.02626807226596
1704524889,3176653,138.4185692494075
1704185572,9102507,121.6749145515703
1704378684,4869549,157.8201297872087
1704272306,5693637,152.56783659643924
1704417074,8132627,205.47938826241833
1704111898,1142406,133.93725444387675
1704436527,7116968,75.97767699876516
1704279595,7450138,126.24601337984802
1704255589,4842637,218.03912648753905
1704580451,5193679,129.20998526806542
1704423208,2027315,183.8321305002035
1704395873,2030712,184.00178851669267
1704554531,4073998,186.3972209849529
1704369568,5385943,87.78370753768108
1704655589,6687456,102.22244283645469
1704608802,2143381,112.5992493130953
1704478358,1495992,170.42932800123904
1704338433,6226603,152.83958716839706
1704189656,4383512,151.9310609218425
1704293292,7655660,143.60560642536325
1704140713,1704002,134.48843126998096
1704143067,4843336,148.99386585486687
1704409973,3751744,178.0143090471742
1704133530,8704591,173.68459760005717
1704509287,4571539,139.72901716016614
1704248842,5636923,194.68320986290698
1704382728,3872207,149.38950332057752
1704391366,3224210,149.02471711250362
1704335291,9727113,197.94987967903947
1704492330,1848893,122.86960503333219
1704294520,6464780,131.9299531585234
1704189612,2688543,148.53313371147192
1704688836,4203807,145.86128334702377
1704645282,8655990,143.23318542574103
1704301954,5341889,176.54177381711176
1704491594,3475444,144.44534213099013
1704330109,1967278,176.87785979490303
1704416987,9034700,116.61476503179232
1704244046,9126588,90.63347840162353
1704666945,9549761,156.6387681965598
1704365234,4091494,133.23490659244828
1704339598,1031986,141.72314186482276
1704124745,3075719,131.88927927760554
1704385381,7380924,165.41383336504714
1704185048,6094730,106.55690411042865
1704480909,1142657,123.87921591057392
1704571429,4312106,132.25263207420565
1704102231,6966319,113.87247267418888
1704225550,1274972,148.4242380899576
1704488324,1871630,162.75586201170836
1704323086,9023890,149.3647939420228
1704192732,6724887,154.2195411993654
1704688131,7072364,128.4352775730619
1704593096,5340915,153.02749064533646
1704615280,9960754,154.95981782822795
1704364575,5299600,204.7556070027085
1704229903,1482884,146.26232961786675
1704659847,5963466,187.30129067561776
1704457165,3978969,147.6842988250545
1704301865,3129516,141.4614924215725
1704260365,6823067,172.89497720845725
1704413302,5939137,162.57542325067453
1704132380,3290244,190.86489503051092
1704235544,5298084,147.9198669679842
1704283984,9786919,113.85527525557822
1704341970,1628120,173.28821862697245
1704245280,8202713,164.972050116002
1704240514,3693180,116.01219355699149
1704349748,5418256,170.1467752348666
1704226965,3799525,153.44170442550669
1704680602,5425555,200.34362947722033
1704297581,4771257,151.71246732415528
1704262014,2272073,218.93921121047356
1704123954,6675431,161.74447086660058
1704433229,5301682,158.15113661612105
1704665889,6405601,138.08589287799953
1704229711,6744444,157.68065017818168
1704418069,1631754,165.1867099468492
1704573273,1438105,152.1726526477764
1704657992,3004066,213.52071215418917
1704607955,5091469,164.27668438318796
1704292558,3223459,129.92485209441406
1704264634,4523113,86.22678775157479
1704573657,6619194,171.9168256171927
1704288440,6608608,130.10536759492027
1704503050,9004223,172.3500522243023
1704360686,7705208,175.76953179362317
1704418179,2370625,119.74658663734111
1704686219,7131589,135.92224780051592
1704317690,2464179,172.70662862693945
1704099867,4428738,162.59591710523745
1704200163,4115929,164.6932072725221
1704155146,6143583,144.83677878155208
1704466696,3168327,153.0825286939016
1704674309,3568504,111.46180442697984
1704375286,9004022,172.72769079458706
1704569664,9600746,181.610819376567
1704117427,2601256,133.6606799588667
1704492863,4007307,157.37912472251602
1704217244,7584569,172.22261792519544
1704122067,7160240,149.9749496908088
1704633390,6839095,123.04403603417101
1704232075,9222730,51.25372545316992
1704484564,2605947,117.6768758354826
1704273755,5408896,148.36935273765053
1704414568,5784517,150.0476181983347
1704210285,7299299,133.2052983401395
1704154547,4467948,171.43235741460387
1704134624,8697910,172.3620469929371
1704524898,5657520,137.1285764154435
1704095496,1098259,167.8977767512223
1704628109,7393983,188.08301970331934
1704696480,3794418,193.3640373028713
1704306569,9091609,132.23143218323102
1704202553,8074414,201.2512456897895
1704319569,1610973,118.66337132741022
1704282623,6203283,138.83901282001057
1704352246,9362646,189.5534144823345
1704287275,3086132,145.52573473893548
1704102248,9202427,190.97404772282408
1704685251,4582724,122.29690611502372
1704130258,6530816,122.23340338913451
1704288219,8387403,137.97772304392186
1704561548,7966140,175.57697517989516
1704462515,2303808,142.5243936535483
1704219324,6163360,168.2390959153047
1704456440,8186606,127.78043610390395
1704170618,5764403,179.2047835327939
1704631170,6236816,170.70136443392497
1704124373,4606948,132.1287438554443
1704235777,6726501,127.48921328309564
1704338658,6539163,151.16067219142033
1704269622,9571031,170.23548230239805
1704315994,6393077,193.01819814312876
1704195637,2440875,182.7403000319167
1704438902,2896539,145.0396909547261
1704155736,1837969,107.7741546316058
1704160181,6395703,162.29281739314325
1704598728,2198668,99.36911033882762
1704328978,9778533,151.1733069348747
1704219544,2334271,188.54385420281716
1704418331,7065764,132.61999759730259
1704177617,3106804,126.9929298420553
1704419329,2608390,138.18058530549018
1704253451,3892891,165.76575379693594
1704188360,9385260,162.1960433101319
1704141333,1196777,160.40078104747172
1704684209,2377335,187.49950386391083
1704220363,1817344,154.4138283816287
1704463616,4225984,153.99483820893556
1704263285,7931240,142.10025207027607
1704212219,8570389,135.9677298914088
1704483930,8723144,125.82700446592013
1704111109,3955101,160.5680447698408
1704386176,3135584,112.9567711291659
1704362547,4223254,205.01666619984232
1704577520,5189808,189.6658123995364
1704431971,1642071,142.8530053918537
1704467435,7664379,134.49199064561165
1704673073,5659826,122.02949584701906
1704098825,6605548,152.1188807425433
1704461700,7537705,181.2723912413578
1704480513,8868460,89.43336168882868
1704177635,4107684,155.36321561990582
1704361200,3916581,93.95624808673296
1704666320,7036407,180.02580008048412
1704126270,2096611,144.23623633596992
1704512893,7537810,100.87335755210952
1704322119,4784062,141.29437109949018
1704472502,1884889,179.99499930097016
1704470501,5249741,151.17656567764504
1704365944,7480256,167.03273070412865
1704448711,1173316,131.85955328209457
1704106237,2225109,140.12285589777832
1704319457,6582936,150.410449389332
1704319421,6329720,88.14083863559785
1704164402,3211080,157.79683933811776
1704196432,4547418,118.16345418020946
1704389844,8823219,173.30006718744573
1704606206,6205944,146.55069575155704
1704120399,9766613,160.1355590233216
1704412784,9481658,151.77063281296384
1704680964,5156571,162.4515154859373
1704487736,3404645,157.37563826929326
1704418532,9914219,147.64560658167372
1704319780,6763197,196.39632926333195
1704351336,8484183,168.5532763724081
1704519214,9562825,186.44789673859097
1704528927,6022764,166.77804783449
1704542264,3685703,172.4428842612522
1704225441,3291872,131.51302183402896
1704166110,5752596,193.6299292731171
1704341658,4797808,156.9723378032267
1704498067,8802743,142.1414431477544
1704308262,6500420,162.9873401518909
1704559779,8217902,116.71771701276805
1704540532,4875218,133.981163457252
1704584506,1497552,115.89195050341311
1704638612,9406181,150.61944284625227
1704673540,4865319,182.7356546198611
1704622576,9654174,131.06266194116148
1704425608,9214520,168.01855763329755
1704402491,6533749,106.95290916590746
1704559640,1593802,197.46118555975355
1704610030,5797299,170.1821552773643
1704128431,5132892,179.24561806962888
1704318168,1947641,192.11644592541165
1704466703,9560128,145.25719978970537
1704134803,6618370,145.3212351776643
1704237942,2016291,171.98016354362187
1704465707,5266658,142.3713379327927
1704541308,9598466,177.761782207349
1704423048,2165474,174.23054989403965
1704644009,2395231,172.68822068327228
1704297643,1755171,148.19774136550865
1704267485,9780136,108.12307363730723
1704617713,8626395,201.01581475798753
1704623819,1930622,120.91264881535912
1704309247,1918035,130.54523192040452
1704487532,3578140,130.64824939793198
1704166168,8405988,167.87002417920627
1704110891,1680916,99.32987712640032
1704257369,6731287,153.2723725304119
1704315516,2441162,141.19766893828213
1704111994,5664612,144.15783851382488
1704159334,7397113,178.41793023950243
1704114638,5523317,162.90396177283068
1704173605,4746735,125.30978678853876
1704548327,2751963,183.44112498258812
1704262595,5679532,165.14397639133225
1704405913,3712075,142.37395873750347
1704607821,3047538,127.64476686743951
1704627824,8874718,92.57932898981434
1704544444,9482105,152.4771577321103
1704607065,3690564,187.5955427422451
1704452857,9487670,141.3818750904835
1704206412,7291264,152.66017222985496
1704184374,2231979,149.94980880416736
1704352864,5282351,135.20744792668097
1704644645,3577668,168.7967725873173
1704435090,2931007,143.23605830557096
1704250840,6077709,136.044862616704
1704426248,6246510,145.0847469841105
1704491466,2338444,150.36888131736612
1704360487,5938888,148.4027024048465
1704483158,5720897,196.59834018777323
1704244760,2227411,109.64366181043626
1704168284,4914179,124.14152506490174
1704283698,5663908,167.60518029581144
1704254207,9553515,156.2033155609943
1704622045,8942677,198.95758193987382
1704177958,9722653,137.513628563496
1704337532,2645121,158.15064562311062
1704149492,3647646,144.36911762003064
1704661003,3749134,163.47466249597088
1704238376,6705926,138.77284596419676
1704282761,1321898,130.54761813893657
1704479398,7470594,162.60677973202047
1704552764,6315863,147.69097320093982
1704697517,2691124,147.10655432300632
1704676896,3931717,172.3127582954959
1704417952,8762609,158.0495277965014
1704479118,8232180,129.50354979658562
1704556531,6866371,146.85657145112143
1704563856,7712515,140.8898889379037
1704166884,5073041,166.91445668105519
1704684934,8520684,180.9053528188491
1704098139,4583651,146.42207816183404
1704683376,2221213,167.10312070753864
1704100976,6499409,136.04896527673105
1704373263,4903632,137.12794998655
1704340639,7464906,175.23171646806372
1704258594,5021766,133.06474774671182
1704094263,4215435,179.43637304646438
1704563141,5414718,165.02755679371035
1704405186,1758280,154.82184673635192
1704515068,8033563,122.47583159625204
1704596195,9317883,127.14656547484185
1704507245,7850524,104.62140232281867
1704113900,4048233,188.06993903565024
1704118212,5803304,156.04406114566225
1704493484,9449938,128.2333647183597
1704481993,3382934,166.24475639875376
1704656185,5658082,158.0823462443405
1704261044,1779093,129.81199072329375
1704146954,1611008,142.05885532881936
1704322906,2681243,125.23521288523023
1704280448,8323930,172.82443226665384
1704436738,1150408,132.74998925063187
1704267433,1414687,85.95656244399117
1704139033,8967866,145.75820261430906
1704682787,5846674,162.18482676199542
1704669463,8948817,90.71552562258157
1704406050,2867895,149.918250603159
1704664626,6433605,136.68965533592134
1704265635,9620114,199.81714460506214
1704609939,3945170,113.59267980049842
1704248679,1071473,98.33943968518804
1704623863,9600196,172.85424495091272
1704688588,2229770,114.42158441104083
1704692046,7904905,143.96840532970998
1704245689,2027192,121.40620316908499
1704562569,4468139,151.2674029030922
1704454510,4236733,153.8348117267953
1704297898,1825374,129.9497957910267
1704335203,7184796,159.65051736631239
1704104767,1948061,153.26432015208383
1704542500,9110757,144.58415532160166
1704450797,4614610,130.0042113396081
1704244486,4256414,135.36336330206726
1704286638,1197404,136.9449757377986
1704312687,8365749,162.8692972549379
1704555266,7741710,167.12567234865617
1704233998,4153902,154.84885472261698
1704602596,1972023,178.70856707634977
1704337739,9064749,165.80578942124959
1704499798,1123063,168.78965639586016
1704246897,1539338,144.5803183376851
1704497058,1406724,128.13519105394585
1704422283,4240829,133.25415279159284
1704167768,8326940,134.10393399116282
1704448128,1922466,139.36214499908183
1704693852,7837413,105.99721550030803
1704350913,3556357,179.83207916494928
1704603513,1495763,176.8563989314522
1704577254,1310362,171.5142778334514
1704508599,7762447,121.13644826888022
1704262025,1749303,113.83755920112255
1704177286,1532321,197.81929211446462
1704371229,1394772,176.19324224938453
1704194139,2786593,141.94664559198702
1704364307,5766512,154.8769240073806
1704209648,5293769,148.466106856677
1704155947,6675488,135.7149068790041
1704410002,1414946,163.37858336627679
1704601673,4442010,139.55423468199652
1704163561,3734913,190.0086934037048
1704212824,1174488,150.2467317504862
1704396899,4087647,169.39111904297866
1704158746,6606781,158.10095620169645
1704201350,2332890,175.9111446078116
1704640880,8107590,119.50439513718032
1704144450,2566012,133.58575053116994
1704405391,3551592,153.40861763676787
1704300699,1850398,152.63221257182528
1704324493,6985082,164.30149550335938
1704323331,2619617,94.57075277610906
1704398064,5292721,110.81310742956686
1704619222,4766985,107.86770641304247
1704304495,7787228,167.77499059771742
1704442212,5633509,100.2522232446674
1704589645,5028122,178.10495503135323
1704669800,6553348,142.39554757927448
1704137699,1571564,131.9961714516007
1704201251,5759384,129.68160403159035
1704413097,7974305,156.8581171858731
1704389535,8992113,184.15039960970006
1704645421,7859423,146.32138045908584
1704582447,5943867,149.78153801709507
1704300558,6372118,156.37149143698502
1704249017,2694620,139.62207433195366
1704385953,8605058,132.65025771956968
1704202273,9098014,159.9905436049299
1704555406,3471117,114.84689203405213
1704622624,7763198,145.78924638164816
1704107524,8322286,176.10389211411263
1704501484,2796888,191.644283966567
1704119446,1080642,152.876300622072
1704604049,4212191,156.2891519158434
1704588093,9507438,147.54466753950473
1704398103,8428567,161.16558692040576
1704643507,3325415,167.8198882327368
1704654817,1548725,112.93595684596053
1704292480,5711876,145.93520338458634
1704465921,6458167,102.02065115705783
1704105544,8490659,186.36608856284653
1704342241,9656353,163.99876411265882
1704384643,6255050,183.52197641539416
1704131096,1797616,117.42131055276866
1704426217,8460204,136.91548026471878
1704379755,3864548,142.07093622744253
1704300499,5743753,139.39177447687302
1704428521,5115968,180.3488722152167
1704652343,6109258,91.42727555311778
1704338433,3885688,109.79467283181611
1704341411,8580262,162.9868012522701
1704443173,9893407,110.80667328619333
1704520077,4155812,207.20831814607072
1704436616,1973276,174.77166420160495
1704345361,9619633,165.95558921277907
1704260856,2637805,204.52001612204708
1704408508,6345356,172.1806661454303
1704234096,6575257,129.44461138493807
1704680587,7443963,158.675040091532
1704234822,6854719,117.96105549843224
1704629348,2372468,120.78391756577831
1704258427,5250710,148.64276363621624
1704250828,3256304,144.6117429095061
1704339750,3349761,138.35676357683775
1704216222,6687011,123.84409573397734
1704380730,4576131,150.09748752144333
1704516142,9604945,62.04520513873614
1704355178,4008448,181.97186562368876
1704263168,8540408,124.94600102387268
1704449024,6344126,183.2631000371921
1704444055,9707720,151.40401771547417
1704616124,6146633,190.26562587987823
1704135506,5010307,144.88920218590908
1704253301,6911422,132.40664807037007
1704218341,4644307,171.98735061955009
1704201467,1613281,112.62808425165733
1704553667,8168615,178.17913996990535
1704103697,6794254,136.11109571332437
1704220878,9677137,172.02099909839373
1704193857,8345938,135.32466353807254
1704371962,6173448,116.80973521010749
1704573902,7594123,153.7885523074503
1704562396,5964477,182.0147792816744
1704485112,9883735,161.70899213055728
1704429770,2969537,138.37315532514253
1704616896,8015645,153.1244979357425
1704561546,6194629,134.38918667870385
1704611838,7702435,119.82646479636884
1704565612,6341690,171.1214029754622
1704207693,5255022,172.41979731785193
1704253580,1622965,160.85486135766325
1704405093,7629973,197.23940107520067
1704243206,5210593,141.3916895204577
1704484766,7506303,153.58987722541437
1704143798,3294277,160.24522934293958
1704597288,9065099,149.6304541659051
1704608178,1750121,146.7254406470791
1704416326,6218562,151.43886581906176
1704462220,1027767,123.3012196801334
1704406182,9149166,137.0666913883354
1704283230,5868346,63.71446787958226
1704244121,4284953,104.84436510728833
1704621642,1552699,209.06093683758075
1704530016,6189208,137.49323157593216
1704366816,5174395,159.3912965534455
1704339970,6314496,181.55277031879422
1704346738,4312791,172.2729416092717
1704670264,9860066,166.18097379282895
1704517611,8373322,143.58287109266925
1704396992,3097143,153.89190632782893
1704357026,9635467,159.64901430242543
1704509151,1982355,180.5564615690061
1704632295,3592958,127.34318813823951
1704495773,4334482,101.59556014397523
1704452352,9878911,132.79324771343224
1704348341,9528792,83.41041139408487
1704401762,7929209,179.4324726859503
1704237565,9649603,227.08452306001118
1704649626,3413591,167.46043834482674
1704256268,9003178,109.9157551900042
1704249999,4675445,103.06193323603773
1704697440,4606085,165.045347162492
1704191655,2146517,173.31097275440777
1704226539,2118578,104.14012485632836
1704189589,7598362,108.75785290958761
1704105548,1700715,72.16689035032769
1704331625,5867412,194.04849773756789
1704452229,3601422,182.82408158867844
1704533974,2514636,106.13887352892263
1704159009,4846506,104.32849689746091
1704548725,3363074,143.90424848815996
1704234737,1317051,160.30905152799133
1704271813,2987029,183.8244431815201
1704645488,1400927,157.66375585051352
1704652235,1996195,137.43143685123655
1704325514,5562919,117.88856955472443
1704634055,3602113,162.27756978090224
1704529423,4594390,178.47788147348223
1704325729,2049357,158.35419336422174
1704190538,6449004,126.87816054104988
1704338813,2744135,138.5496580118974
1704679957,2616045,139.35547766027602
1704267629,9003616,155.9300776199304
1704261793,4159239,168.3948752458499
1704309371,6675482,148.7566308309837
1704170488,3407418,159.70217556782092
1704319860,7548663,184.41557545961163
1704192526,4522458,126.21453429436497
1704522888,9151007,166.19773972922383
1704268885,2157071,190.33052186890512
1704581906,4036161,123.96727065313169
1704096141,6434953,122.50270946624673
1704477995,6968715,141.2491842670621
1704191516,5386141,150.7101193366691
1704473452,1677710,174.30056027407377
1704615624,9671946,147.8543054202004
1704688293,2435856,164.33549788226873
1704379337,6916639,112.08490839426975
1704248457,3582491,176.8273553959025
1704523464,9293376,158.4643385582908
1704124811,6187691,132.0657387260811
1704101536,2921555,193.76416649957244
1704361733,3297222,107.62263540546851
1704512503,9703568,172.05525935224227
1704654259,1491278,124.07120145261756
1704644811,4931270,165.8010803024181
1704650183,7746050,140.5005896620235
1704553671,8004760,182.57804232172978
1704334342,4250502,124.95090211962899
1704422004,3686256,140.4365534743534
1704194259,9878251,107.8491864885868
1704263777,3762464,153.72780731272206
1704394990,2891995,156.51705766322863
1704685128,1492136,138.58672223723275
1704643325,7182590,166.14950925584776
1704597664,1493838,90.06978221044888
1704136489,1473552,120.04376417557344
1704282994,5938300,131.79035413185105
1704431625,1466881,206.02591568213856
1704242571,8500007,191.01091944510554
1704655568,5591284,163.84428215578484
1704130779,8931103,129.47582010100388
1704576905,1746167,120.25074098434428
1704235720,6170238,197.12920289528728
1704119382,2694441,142.41567864944395
1704428533,3819235,159.59830100686403
1704561822,5543236,126.1206342905519
1704312160,6761024,140.09234497356084
1704098724,5713998,132.99507642103669
1704681256,6409544,170.8853742682605
1704214339,9434115,159.69608112780844
1704660898,8922476,112.0264779293174
1704521535,9309612,80.52342540522488
1704694241,1205089,127.73742584010014
1704112728,7325113,132.01511566003416
1704247699,6222864,146.94765932777898
1704444150,6698322,185.40284287683747
1704233130,9574155,148.4514996247766
1704177720,5982822,162.11661190969002
1704102431,2647764,96.27027875344426
1704647274,4296565,142.33294682442616
1704287702,6918761,108.48449623498834
1704621992,5924912,182.44140971987738
1704400515,7261833,177.12933040798436
1704182039,1937260,193.27488439196443
1704259745,5544987,153.67040912957876
1704637157,8554119,169.0974606098588
1704124558,6465184,182.73072409350448
1704419777,4288575,154.421893633873
1704298960,1019958,210.23223771318828
1704415629,4388627,172.24751980678334
1704543208,3472862,154.41441346631862
1704197719,5090231,154.82587774781118
1704385660,5405260,152.30361406256438
1704284755,8886333,147.5882361851917
1704387484,1733086,131.81342493943868
1704314748,1864863,189.72563775153395
1704556797,1603695,186.64167247770078
1704271604,3257191,158.40550869929467
1704445997,8727924,127.68432182368085
1704439557,7844110,141.5923571181891
1704608206,4457729,167.6253276915776
1704511946,1729194,159.06673860294484
1704310412,6774752,139.93623070303514
1704534359,4928038,184.5202371758883
1704255461,1592195,116.54453024016863
1704586815,1729447,161.28940348513635
1704398508,8886822,91.55588225812556
1704597576,7335517,164.84043702646386
1704597068,2581474,192.37072318613036
1704582487,8261950,180.9368909577179
1704316650,5241596,179.34605662560028
1704161285,1987922,164.6798550366448
1704653378,6705083,157.5023006834766
1704675881,3107150,155.11365049022902
1704360916,1139122,167.8784583114149
1704132800,7530153,164.33543350626502
1704600575,8896087,232.19775755538006
1704281985,4670955,140.50483679746873
1704493860,8102676,88.50924844853317
1704549304,9693508,189.829451817711
1704248748,1442768,150.25729429663693
1704230905,2802666,153.30308470346824
1704479172,8074326,116.90172315612699
1704281785,1773430,172.5994211353871
1704247738,6234451,150.17976288322356
1704441181,4793740,102.11543212199544
1704560350,4326524,200.4284905785508
1704146015,9462641,124.96536446792925
1704360358,5623415,168.30315669149508
1704143237,2920586,139.47842289665377
1704606077,1413041,194.85341181332143
1704433931,8816931,208.17713653669944
1704441739,6303134,151.7534442935895
1704116044,7653083,176.50564159814687
1704573624,1232351,177.61051803554201
1704569272,9505225,150.55276461581659
1704244631,3293551,150.40059190905927
1704546912,7761970,109.13994971091923
1704394773,3989790,182.91017198795134
1704543670,8358693,139.56304542606915
1704472515,4117186,119.66007640716727
1704147498,1780244,167.16967292991833
1704356293,7688840,141.2403278071875
1704496270,8699323,193.7437291521083
1704241579,6505003,186.5202266905485
1704252153,2135760,154.94931099486297
1704331964,4354909,153.61092527656234
1704364026,9922628,112.07790222498443
1704547166,5080559,128.43084209200498
1704426019,3470745,107.49412689354732
1704330517,7204076,154.33252719521522
1704228614,1261398,136.85510579741015
1704626443,3683049,145.21852648518728
1704681101,8271859,182.05390394510442
1704630892,3402466,176.70119263648004
1704670694,6831227,156.56844673809826
1704451164,6221792,232.8331617985393
1704523160,8363891,148.16578706158091
1704405139,3405729,143.98771285166504
1704143500,5922533,183.6234459889366
1704143175,2473568,217.45873024895025
1704564216,2594515,144.0572440223006
1704391372,4644997,145.24625776080816
1704134763,8280321,136.63733787172362
1704469793,3179735,118.21567248412606
1704258947,1032003,134.7083063218316
1704609737,7367365,128.99438862483234
1704520823,3092333,152.78573178639869
1704486898,6077405,149.19342816399654
1704331648,7756365,156.87294554980446
1704184363,7935059,211.9535397333687
1704376163,7132512,145.95956541541605
1704462571,1703473,118.677542999866
1704556319,2968427,76.9559435832703
1704521953,9125868,130.18000798497724
1704207328,2804545,120.76098032950085
1704514608,9819914,141.89729126018685
1704640423,5595878,149.3636239535724
1704118356,6506686,167.73612089432817
1704234906,6488888,176.7013752328623
1704137056,6027058,146.1862277644977
1704465459,6414021,156.7553450165595
1704635767,5559213,135.3834702891586
1704223592,4333624,139.4995607158908
1704115378,5639955,191.14666205869173
1704395524,7754098,158.39173173822283
1704196388,5069684,145.4451750887467
1704296601,8825574,130.54509433193275
1704293725,8071267,153.39169560839315
1704129079,8257540,126.82098014495305
1704240373,1395992,166.81006285917553
1704371960,7180056,180.58349938815286
1704243233,1840997,158.24401557227893
1704351134,9246946,156.66696877691774
1704236028,1261255,100.9648524357475
1704221491,5644022,131.48048105041917
1704123128,6787893,79.95923617698891
1704122869,7831653,202.70537487270764
1704385985,7200112,170.0401507735702
1704433870,3401321,148.57144029840723
1704431604,3119263,159.17578666182126
1704382412,2341432,144.11628810622642
1704227713,8038388,171.86695678438002
1704377731,2324023,166.97766923524154
1704131273,7972085,99.6150714224766
1704610748,5550057,149.31018288933214
1704458980,3348060,148.65835650191687
1704390407,7658599,142.0311449599481
1704535333,1294079,132.44757962752806
1704654694,2389264,163.8825411733415
1704569414,3214153,140.2278186093012
1704611038,1505153,158.13694996148791
1704622168,8462796,154.98274787154017
1704378399,6380959,147.03656224414763
1704506083,6317268,116.94702366894988
1704474672,7371330,132.50044467715367
1704286688,9945514,101.98087640380504
1704457634,8104535,114.90417433387232
1704622310,8088796,133.2803336745874
1704527339,7512388,154.56998670967113
1704617954,2580911,160.93476105053114
1704124426,1539514,212.06322471800448
1704381448,4890714,182.1703708009971
1704235191,8025315,173.47588333832152
1704566676,3191430,209.29190892261016
1704170074,2731251,152.82722932863047
1704180910,8540030,159.25341636900586
1704345619,2713838,156.04584112848391
1704339620,1443543,158.79347441869547
1704407109,4819573,168.42778965942645
1704153982,9246132,160.03954966239448
1704473468,9320149,137.76044194772788
1704117102,9375688,187.20346917188044
1704671162,4652162,137.27985506176952
1704265212,9960409,189.26686146408542
1704206601,5456659,79.71645256240951
1704455570,2583947,223.01238587687678
1704591635,6479445,148.3815070231346
1704684209,4759373,99.34332566309487
1704216486,7122909,170.28961067370932
1704452823,4202928,109.27011756257781
1704439180,1012237,129.6095858626636
1704199059,3454972,231.42830948012733
1704538741,7320591,134.1026146895792
1704641351,6903762,179.049119752481
1704694492,1284321,140.15337302127463
1704693888,7706826,143.67608464715383
1704278645,3037881,150.979445075842
1704403153,4491589,149.6118984143764
1704642141,9044992,153.1298532926305
1704518836,4310277,112.09833628449714
1704529712,3413606,122.80588975113231
1704182104,7561109,185.52414836670226
1704221618,8973425,171.3523435203993
1704331644,7478167,135.7584622423581
1704588953,2486955,162.29996321425028
1704439745,7760013,142.82503576524226
1704393548,8612145,156.34340936462337
1704477304,2385617,231.21043922554801
1704621423,6056762,155.44958538214686
1704652915,4322865,164.2187299258734
1704498188,5568414,141.00129564002282
1704347249,1017936,92.72768743495065
1704380709,4682505,170.04506833497334
1704152911,5504037,139.19328525535832
1704249842,1451567,92.07287129608986
1704103678,5636188,118.03984682516811
1704267762,7206824,184.05426998173834
1704484310,3474256,162.54927651052594
1704610965,1692206,184.8838445475692
1704176829,2857727,165.16788650393153
1704439009,8512340,145.6203004925587
1704102062,6921973,100.02109135509588
1704646020,8477857,139.019941368975
1704325456,2605774,123.24281681831161
1704401809,8218773,136.8057862287254
1704400803,5173075,124.89465825409233
1704367139,4322246,146.73774974577455
1704612912,1791422,215.91625302329876
1704193057,2365953,109.00828187936439
1704425990,9094973,164.49126381535274
1704511161,4325882,183.66646115032
1704256113,2282381,182.28070095360266
1704099166,5828542,69.88644274964925
1704375749,8556512,182.2602906392388
1704383968,7095436,156.02633452712732
1704295233,4945358,146.3144963554183
1704667107,1264789,152.83137946462338
1704556039,1853838,168.49217120924962
1704527242,8893859,146.63379864838558
1704155503,6472856,143.8234867266816
1704590984,3013287,136.48119556607074
1704258735,3794958,126.7544489736497
1704163097,4455295,199.58021618238664
1704207227,7158662,183.01568174847307
1704288114,9304679,161.28603121778775
1704122627,7740701,131.4993658118191
1704150744,1458310,115.72057463286967
1704231264,5005693,95.82564233247471
1704180833,5152265,98.68211871525784
1704206829,3136459,118.23178054307735
1704376949,2753377,133.5080872627731
1704151744,8250402,109.49024164313708
1704384508,6061574,158.31859185563314
1704514407,1963439,140.65630841435177
1704209295,7946333,172.03626490613237
1704670244,3492376,162.25597340874432
1704393912,1249620,158.19538854049136
1704389153,5197346,143.12375113452566
1704421383,3305573,168.68503475872518
1704523093,1634277,186.98294709529327
1704121675,2382472,138.74485878151398
1704516966,9072070,155.25858262976027
1704397127,5161036,64.21752876073003
1704501982,5607352,140.0028498927992
1704568564,1907307,123.59535018465529
1704678697,5978902,128.84332669815825
1704500352,9751194,129.64155953795637
1704186632,1202178,150.65030985224482
1704408708,3195425,170.09884055107722
1704237419,1750141,187.1235815280642
1704310872,1676315,136.87289598233673
1704195432,3713447,207.2512086602626
1704672861,7502945,154.2143902959253
1704173512,9787109,111.55457657104668
1704385692,8722683,164.26930721713347
1704586132,6460803,157.1349544636167
1704452825,4899495,116.88948762334675
1704313122,5491790,130.79235348235642
1704450496,5132634,196.29200824480904
1704218367,9932694,115.74784961791282
1704223340,3435135,135.8786979055892
1704174258,4853890,200.02233386867346
1704539261,3290018,114.13095910876235
1704680624,7213978,168.59056900925924
1704177300,2380349,163.65714406917348
1704212872,5497658,175.9760960144052
1704156758,9334421,132.5220142785631
1704254749,1949007,180.750458893233
1704660096,8741386,154.7725527389725
1704268283,6195664,168.55812024431145
1704098343,6291239,124.67874158840186
1704523878,9003386,159.2830903280465
1704100719,5453714,162.11250645622286
1704256298,4373784,111.74849781864336
1704527843,4896363,179.39435697881493
1704625836,4016324,177.775655126459
1704115249,4874478,155.2492907717683
1704477659,8705027,107.83166698021265
1704350942,3068391,156.51479976652956
1704554532,2291841,173.83998793470155
1704602076,4940578,189.30625397449595
1704264042,2198634,146.93487813314883
1704192845,3570764,141.7335313245528
1704199950,5968068,107.13212201209083
1704147232,6481921,136.0147504334385
1704118268,9011039,165.0505092866958
1704522172,2890993,161.30185240069702
1704611055,7539273,158.99296339886587
1704325936,7310818,113.36713873289915
1704384632,1424318,120.11011899615322
1704477640,2284624,155.20326078866265
1704338842,8433967,170.65684201809196
1704197539,9298413,190.56209609130286
1704557566,2425094,172.10644515102126
1704341906,5189863,195.67831682367634
1704637861,3308493,175.15155103782234
1704694731,2150958,186.41916153312152
1704634876,7693985,203.00399446261565
1704496865,9665711,135.84756871726046
1704445379,1709218,176.51660287071982
1704161057,7492765,167.52144848559732
1704277731,8512527,166.88638349266722
1704229457,8669740,174.59368921631113
1704474665,4637914,186.30220031917776
1704623427,8454215,144.82548199141397
1704183251,7278436,134.17811928815786
1704140501,9053205,187.40135960850154
1704689118,4594607,205.27618772366822
1704249166,8031089,141.7660958059877
1704548489,4655458,62.95968815217685
1704286825,1531238,139.50127430507985
1704095009,6980905,182.65059736953546
1704627183,9511571,104.5699965440154
1704212786,5600770,158.7365930973908
1704349072,9906804,147.25641836188464
1704601773,4663504,117.23545248692524
1704229693,1876402,180.12842084839448
1704286002,7471902,103.17600872407014
1704610310,6554759,135.9355073462402
1704229782,8527088,151.82838443283214
1704533652,4103820,181.39624262781675
1704487406,3644679,125.68108857285014
1704345364,8588025,154.76744651670762
1704603388,5764517,152.47677130666878
1704135325,3758473,153.34746584491518
1704348754,6570711,111.11243122048253
1704497364,7214941,136.14843484135434
1704317393,5057603,121.68812086847541
1704534678,4236343,143.04736150295204
1704308462,3826480,108.04143768751395
1704171720,1511831,113.96269813749038
1704253866,5110560,189.34438817962067
1704407925,4912417,202.7976878709183
1704670015,1345689,210.1809433846712
1704528454,6558149,94.41281095660273
1704096823,6656105,187.96934946169267
1704452575,7805473,112.45302089448572
1704662108,7006377,138.46749949760903
1704288230,1762741,165.6952580964244
1704536867,5866611,151.54041042806082
1704141620,7161474,122.03406069284176
1704410312,6731580,158.73656910187373
1704331172,5106446,129.3536184904694
1704342130,9757213,103.19080434174151
1704484574,5992015,149.7417965330914
1704513478,7315483,121.56901942290826
1704210943,9790184,156.78962375835485
1704609108,5312774,96.71664276668706
1704556559,6082794,156.83087678366832
1704379202,2814616,151.4129414214455
1704639380,8019182,149.3675340101002
1704581291,6131914,147.8301919679976
1704293475,2474038,128.99437973382348
1704539468,1215324,167.71220051426664
1704387050,7368865,96.67469750676968
1704390666,1979638,118.11338218391839
1704515382,5409950,123.24245562211793
1704119638,5657426,73.69607345666317
1704354889,4302616,134.48951889877208
1704448508,1555042,185.48966958973315
1704209339,8699725,110.77408756102164
1704254283,4157985,161.50564122035527
1704422962,3768032,154.20846409817938
1704581055,1997803,175.089310808425
1704488218,3713687,156.39824298099774
1704559822,5330133,124.85013342073488
1704511956,6314241,129.395738889007
1704501968,7478250,166.00411463457218
1704602668,4258251,167.14732093327802
1704123443,2283397,171.81835337482354
1704377572,7176037,176.05407984344203
1704566604,3852177,148.22262149260058
1704548530,4299288,138.64377722504528
1704490440,2630103,159.63018667770615
1704643524,9717534,184.15732462372057
1704109339,6384891,148.0829401834585
1704321194,7882668,159.48697639794565
1704302950,9192566,198.36987193828526
1704124704,8556171,151.59531310373671
1704467094,9054124,158.09000983994352
1704139638,3963083,169.57219354456782
1704318437,6393751,159.20400425420837
1704577621,7912655,148.2711041006669
1704365979,9069562,154.07512262951568
1704455405,6057400,121.5161298637564
1704493729,5572782,163.4585017560296
1704292237,6074075,170.80815140284164
1704683550,4445446,204.32987039865168
1704329398,1509598,138.994868547822
1704376690,4238304,133.79701319787458
1704543500,4367546,201.8937385330144
1704377878,9595461,153.35316144173012
1704446797,7113575,168.27308246344316
1704446207,1085702,177.24029818342888
1704128045,7808811,175.53445836983826
1704609308,4841299,176.28210886364545
1704526152,9192195,130.67692840444556
1704321112,2233745,200.24632144906093
1704690801,9009162,141.46792953620323
1704508550,5508809,133.63357353543796
1704282697,4719839,155.9432070617569
1704573366,4109294,197.90639584812618
1704528336,9879458,122.94234764899737
1704627898,2593502,154.75308506309145
1704360753,6223737,199.64817662302693
1704187130,5686145,155.04439691260072
1704198734,3466431,106.14449383162625
1704593738,9091106,127.21683445204413
1704175271,1002714,164.40118623783428
1704171278,8361073,125.33583695519741
1704184576,2175994,123.64123006811928
1704492577,5880939,129.56967792944613
1704676959,5263164,202.92238065024577
1704426054,9446920,133.07169027789467
1704273290,5829919,150.76556429775547
1704636377,1556563,177.69881450872353
1704328097,8355147,189.97625225609264
1704455814,1418809,179.4327203601093
1704665451,1224204,146.8444349749676
1704540820,5868869,115.91196788743554
1704507468,5979941,157.81039957260063
1704379335,9810028,171.6417135568471
1704671415,1371312,187.66855213567703
1704096007,4319130,233.7275793981891
1704267755,3965784,149.60494664032657
1704101923,8019912,178.65395589769489
1704453618,5823431,137.4412549771729
1704396983,7766197,108.23140010176428
1704366170,5186081,123.77887035139206
1704424483,9511805,129.17457629951815
1704634350,3076392,122.72075990023538
1704402290,7575793,106.92796229145878
1704523111,7877988,167.22663649394678
1704467594,2865443,155.29984387830424
1704571221,7172446,165.56976222923618
1704593967,3562005,196.92624353915465
1704558688,7564956,164.27959808248528
1704228482,9764077,144.86076000232154
1704163535,2515055,124.2407892918465
1704587192,5233503,186.3375392353188
1704579264,1715571,123.80028386301483
1704496622,2401806,127.49660643680551
1704677769,5130317,143.17401638965467
1704189457,2389417,112.68342508607499
1704395284,4477925,156.60608880818904
1704458145,8768112,148.63722479342775
1704294840,9995919,151.3967845852993
1704170854,1613864,161.68512397592505
1704589696,2023449,109.12297081627369
1704497161,2304979,147.93085114621226
1704353618,6676311,161.89403974607228
1704132137,3782728,159.3989806961717
1704632407,7932500,158.89169679144013
1704592696,1458524,173.06893372002193
1704188797,6680378,124.13686052401397
1704430325,3732833,192.3483274243331
1704124772,8895058,221.6976849113057
1704527486,5693821,116.39573620465991
1704378791,2298471,163.10520423738467
1704671398,7049813,151.11779270873532
1704370415,7839977,185.5985006239435
1704126656,7537273,171.75154787314318
1704284176,2666385,146.05119984020112
1704121349,8750284,181.1401507943032
1704110751,1023109,101.7029886065747
1704472435,2134883,169.0795404497124
1704505993,2958341,133.31371583491898
1704674054,3442854,136.65159093664533
1704149121,6706077,83.62487245837018
1704282732,9997488,145.42966441705028
1704573764,3412801,125.24807339535003
1704468841,4390605,162.03836660424616
1704383831,9824988,171.23743069980895
1704212444,7423092,149.41411388842968
1704522043,2981021,178.219696476206
1704586462,7000528,160.87477286695977
1704102949,2528507,160.19110673922452
1704504988,5449837,156.11342752460698
1704205410,9667898,145.70322173655097
1704624767,1648624,136.79548781524224
1704336257,3488582,130.31173064691828
1704248065,1979608,197.35231799897284
1704472521,4110517,144.79955836869468
1704618791,9100747,155.3621943813036
1704375934,8806083,159.4946032997032
1704559631,1750046,107.27227081613714
1704190600,6480153,158.65806759378032
1704542760,1251541,193.6879830474026
1704421614,6439851,158.55471522816075
1704544621,5071397,109.98979251010195
1704191077,8162629,120.7775779742039
1704305680,5517762,130.56064313442977
1704640672,4423797,172.99900615360517
1704422008,4030307,139.71480070943696
1704541972,7089131,181.1157975575373
1704197628,9380991,156.20484234978713
1704272311,5970365,126.79603691541368
1704485596,4837795,107.82224409088576
1704463071,2167417,129.3401448499799
1704271540,1096119,126.60813412989589
1704310654,7511905,164.3117247006803
1704360311,9179495,161.79519253777173
1704199317,8470670,176.35313625255503
1704655169,7743135,161.61711239030083
1704640022,8485920,205.69003149125132
1704284406,2441311,145.2859783035402
1704295050,9440619,188.92225671103225
1704145267,8319589,189.1802805632147
1704096092,3802573,119.09662602987032
1704456891,3556266,131.87582970743628
1704268517,4687635,181.9525116103114
1704347859,7743391,176.2415565684003
1704578465,2633884,115.0362862557491
1704168896,8558748,157.56051795929554
1704550108,4486518,145.63468892551614
1704380414,9991995,161.69149985257235
1704263410,3056302,177.3596370682126
1704664245,5755915,157.00896506206067
1704411872,8332043,135.08269765935415
1704498768,4909899,154.95511930797807
1704412513,5166272,143.54838842615086
1704633932,7279050,122.55009501385203
1704368445,8512675,205.42756563640333
1704610950,4477025,115.33321214316102
1704113708,9761471,112.72092026068815
1704579162,8653140,178.81278910348544
1704197271,5879496,125.85205130692883
1704594549,8114442,176.756418701636
1704673205,1034170,119.60032352095573
1704297272,9826844,141.10066346691872
1704529390,5110434,127.51664137730516
1704640146,9098629,159.4619904230052
1704455080,1278852,108.8618416623315
1704572182,8652210,157.92901585698706
1704157449,4586217,168.1661523217684
1704215632,4353360,157.5673564509577
1704587359,3482805,147.14062836035498
1704297779,3325708,134.31898541297429
1704623719,5158943,152.8327109927013
1704587170,2277660,129.46458417395624
1704190221,3006654,160.1767265154213
1704098517,8204463,158.72400116877736
1704182839,3428542,139.4338426300004
1704594359,6020386,193.1216364634912
1704667370,8330245,149.14289259934716
1704342020,1253612,61.15216953276379
1704586479,4307163,124.00396547827494
1704592804,3518616,162.18717165475087
1704213479,9181076,110.1226600123666
1704626556,7550147,181.91547510788757
1704322438,8126661,95.85981197668431
1704578629,9128502,164.68645057242244
1704547349,4260366,142.18498774281528
1704109040,2819122,139.80620348229562
1704335809,6704193,93.39316476799567
1704622086,5804424,171.41327668785385
1704419408,4362833,179.69659528453712
1704614812,1238610,168.76835067216243
1704446560,6250678,211.12142356493533
1704541982,7930401,158.18637572908003
1704324827,3952287,139.2028355676434
1704211205,5502831,111.45354837017834
1704200454,1256362,143.5193394504545
1704260096,2558528,160.3929021201681
1704378957,5984371,160.16697115721593
1704151388,2500813,162.39991750766694
1704617762,6001777,169.45520404714608
1704158864,2172182,183.41635680003475
1704291118,4550786,121.29322580185138
1704411582,8103337,148.70217331754606
1704413507,7518988,151.1915738716119
1704150152,3143929,201.97293789671704
1704416610,9375365,137.90848314522512
1704112702,9350515,91.72683493381982
1704562026,5178416,202.60880614803614
1704645914,2634448,201.51249245509558
1704620770,1681402,161.09091679009964
1704626441,3060054,147.02061326384194
1704324349,1483942,140.6109999495454
1704190388,8379690,172.41130888490002
1704126933,8116740,169.22200943331518
1704433895,3449123,97.95777020572056
1704221613,7796587,115.42459576444574
1704201049,9350986,121.48056134669912
1704307810,4123328,125.15087781177542
1704251809,3251060,112.71950492850928
1704694802,1766558,145.90355041574256
1704651930,7983987,159.25799969094186
1704244379,5145254,151.84001262643972
1704183760,9640650,134.11923703119055
1704251085,5062994,149.58724756984338
1704134016,5519229,187.40073407771578
1704295420,5468809,146.61083375479512
1704507874,4016451,176.10146856811272
1704358328,5030899,136.74412841941344
1704630358,8680678,195.2796924105785
1704631314,9230127,165.73607089489042
1704099821,7173166,215.87106488432693
1704550598,2944222,153.1930629051968
1704240415,6454693,96.31611226909493
1704442355,4195630,169.43171962589588
1704669771,1825746,132.67287112144118
1704656421,1027801,115.78388773916816
1704333603,6924014,122.29057291381908
1704552837,5892286,166.83527391779677
1704665895,9260930,130.33903698727423
1704433015,9289870,181.8333645052078
1704124456,6958451,142.45867711676775
1704570664,4400499,207.88498079813354
1704120657,3606980,154.465071116919
1704456613,7499986,102.7991364393674
1704156004,5226475,89.74459049056512
1704510971,3406750,169.27145572909447
1704113839,5539209,201.49549374780725
1704404673,7153759,121.30056581972298
1704111806,9699996,120.30798815773676
1704118587,4204338,176.92222605252027
1704542560,2334331,190.24273960762332
1704531305,7979278,126.90989383865352
1704674480,5898668,76.07222684145087
1704681557,8662002,144.4202909443464
1704684619,3071596,183.16891415134998
1704591997,5957963,153.55882685081264
1704225057,4019225,162.21933732584125
1704264660,9066983,179.39620746795686
1704431044,3359075,151.04757638239175
1704614842,8832939,158.10480794128281
1704140227,2825349,131.98760214498398
1704175004,1080785,90.6644747118101
1704262447,2607820,138.97507407058362
1704590669,4493904,99.14958158945825
1704565478,7626697,147.39330315811938
1704235958,9866620,155.2606619459755
1704467843,4185316,128.19610601362507
1704250706,8348302,130.75882574881516
1704661518,7280933,144.01300753398067
1704533907,9328536,122.08961592808392
1704383675,8780807,120.63961414382551
1704558931,1410355,181.95836303545337
1704419450,6788535,119.14192422527799
1704520069,9543766,128.8754340641101
1704110565,7922563,167.75038407805377
1704310771,2173890,108.01623277449127
1704556834,4654333,173.76923949391042
1704207875,7167333,135.3866886060686
1704406064,8581227,137.43628107917556
1704200038,7157754,169.26780792913854
1704293538,5158304,133.61699253553473
1704319295,4138697,164.96600035061013
1704222435,5076012,168.4923792107165
1704191547,3504115,164.66831667332755
1704643992,7454667,140.44467870088073
1704174018,2892297,140.48219162041173
1704692433,3884681,137.792122190737
1704148071,4020446,151.45482682178303
1704458900,5675812,116.21181429717726
1704303469,9056307,153.13777119795324
1704535236,5444090,167.05872085599125
1704665308,7093479,119.97977604119781
1704383794,6992961,131.0449098412554
1704557408,4473948,158.63755130916184
1704406666,1763081,131.6387078369935
1704633228,3733836,95.21782256220442
1704397990,9732280,156.73408871104408
1704117951,2734861,183.08521580980005
1704645790,5931739,142.5085238875215
1704471566,6322036,139.7572648710398
1704655858,3418437,156.59848961541863
1704170902,8560904,180.2411952965293
1704616507,8593207,201.227655934999
1704361365,1482055,158.75754312636278
1704563462,3613110,155.4189912672631
1704114792,8999255,137.56815915206292
1704317107,6382488,138.85288740848583
1704481713,6176205,121.63576066132906
1704658905,2883144,181.78484043161072
1704546609,4251257,215.05830943764903
1704592477,6618916,151.97593454172707
1704172784,3552781,188.9096303719118
1704146037,6407976,124.22534384302232
1704661942,8052861,207.41767072685164
1704100874,7726173,186.20087025053087
1704445167,3212198,126.9258274373505
1704572745,9321574,99.09871491015436
1704536860,7533321,177.65741841580777
1704418248,1054082,104.90901591563808
1704093426,8442411,172.08640848957168
1704095568,2556586,142.70309823489154
1704096841,7907825,136.41002930258867
1704100656,6548821,194.21036698617525
1704101963,8118603,112.67460906727752
1704104461,7369272,163.2666265845019
1704106648,5465068,216.61730385962824
1704107492,3349974,148.59329486434729
1704109471,8785696,164.4510985358487
1704109764,7647351,140.3280366038679
1704111807,7568796,174.18340815982086
1704114208,3708486,125.04199739863864
1704114519,9276113,157.17733482281136
1704116819,1821168,149.37360176565193
1704120181,9925616,226.29963858393492
1704120849,3835772,111.61859619563143
1704129900,8489116,189.90385014665122
1704131742,1150941,164.12991873521648
1704133611,4718697,154.95069831670295
1704137375,4381718,174.52512702653326
1704138237,3034150,149.84346653530463
1704139325,9137134,165.04868511003778
1704139425,1688622,150.95774854017193
1704145712,3118457,140.1991305918484
1704145960,6152649,154.26950563213322
1704146586,3267367,114.48621076526888
1704149106,3244465,125.51729965110506
1704149474,9264226,117.52299652848836
1704150049,8948972,182.42400765500363
1704152009,3317222,122.41521779892798
1704154581,4648276,176.44607908725672
1704155825,1182319,191.95844238693468
1704156072,2407574,106.7928282507672
1704161010,4427412,116.31934929851839
1704161210,2243673,151.34681716881215
1704164366,2216298,85.4200533466628
1704164481,3603886,138.67605919085292
1704165784,1552439,176.90395929894234
1704166743,4328815,205.8371921863638
1704167479,7180948,177.6857521479438
1704168274,3313397,122.09835729840637
1704169153,5058602,187.20907180263146
1704170315,2885254,165.9309630733037
1704172097,8312727,111.34115306897323
1704172969,9458029,147.89677159817649
1704173721,5646955,147.37606709456503
1704183122,2331539,148.5618023115741
1704183451,1396983,184.13982298190558
1704185225,6336172,103.9497787276168
1704185808,2192625,152.1246840492555
1704188784,6782464,136.79786551739483
1704197400,3793907,118.32212911726208
1704199565,4270483,160.37437762532588
1704201030,4874662,194.54415752580704
1704201757,9494282,180.48891302022793
1704202691,1609653,116.77568060470688
1704204748,1295317,106.1323539537251
1704208458,9372722,148.68858299823458
1704209904,5272470,96.58698336687455
1704210094,4922953,85.16472834524996
1704212758,3419506,162.73740629905913
1704214348,3489738,148.10572362491743
1704215255,3638017,163.60671903221115
1704218387,2520405,186.31137960693033
1704227244,2088494,178.27415066405644
1704233708,6642402,147.34845226631094
1704233865,2374307,102.95497426700649
1704234417,9846954,195.67242683094753
1704235616,8189601,158.07846501053862
1704240296,2706544,175.09950079638855
1704243800,4002435,104.7717906712591
1704244931,1105661,141.8446137968311
1704246803,6042204,146.1052038087085
1704247375,6391095,118.9323746661633
1704248156,6812201,145.4494723725015
1704248439,1206566,150.04727744712014
1704248940,8273613,199.46991920390425
1704250997,6610631,191.90254040277156
1704257888,2645753,158.005554945463
1704260773,5978832,129.3438298774762
1704265168,5742847,170.04238191517183
1704273512,7208558,140.1182958125128
1704273596,7147143,141.54889496352178
1704274287,1404421,165.38405165888588
1704275166,5480722,150.58441882376866
1704275548,9576239,128.48316294069556
1704275926,9492648,111.5912859709642
1704276549,8069992,148.7899797531097
1704278150,6481147,127.81906809607693
1704278400,6954807,209.81229972355806
1704281928,4375285,196.13112039287506
1704282202,9079343,158.60365741998024
1704287012,7020761,159.76573544806843
1704287862,6178310,162.90271256655177
1704288112,2629134,150.1091482426569
1704288752,1402479,98.32662067137312
1704290134,7675167,186.79674320031188
1704293323,1612921,177.5009333455021
1704294950,4898108,174.3594959428525
1704296298,5405187,88.93023083526913
1704296369,7826113,154.22555669523004
1704300587,4864581,97.13801208564635
1704300837,1833751,140.38930722518478
1704301712,6630778,100.95885951885212
1704301826,6912319,138.94208175139758
1704302300,8618774,143.57808118949103
1704302411,1033215,101.08793474159866
1704306370,1514815,168.6840501891768
1704306403,6097630,114.51704048550391
1704308282,4511509,169.3282961542309
1704309214,4034011,168.86193771733699
1704310816,6659166,164.93218871070712
1704312417,7586957,141.51879079040685
1704313018,2401321,189.71846391575593
1704313740,7584330,143.5937297903777
1704314333,7008044,129.98763646436262
1704314787,4663260,104.02189846544832
1704314953,4629462,133.37341653077232
1704316493,2458935,160.17726031575947
1704317162,9724929,133.54455875740658
1704318433,1187016,125.40082523947613
1704318753,3847391,115.30361199124886
1704320826,6791667,155.39590890935253
1704324675,4698156,146.45875546819474
1704326750,5804125,123.14739074583818
1704327099,7662725,105.21991517459401
1704327279,5074246,150.4043897228228
1704327340,9268199,153.04482314570348
1704327780,9500446,160.3449775272912
1704331929,1390948,189.77465004821352
1704332175,6838814,100.52865733834662
1704332763,7715010,193.35350967872716
1704333074,6160675,110.10620355801427
1704335640,5827417,146.2300187615867
1704336516,6466856,131.10019993495837
1704336801,8046881,182.40345335417624
1704338060,3703539,157.02177018866865
1704338232,4903028,199.22381324352568
1704339064,9883778,137.7541870980546
1704340162,2491788,132.65795300508486
1704341792,2472043,160.2443301738257
1704343488,2670170,171.3111601972457
1704347148,1522189,117.20630452767766
1704348455,6774361,125.37769540986193
1704349183,4704054,105.32034514992863
1704350998,9775362,147.07224288482448
1704353843,6094642,161.47328643130186
1704354259,4717546,133.83246927736565
1704355102,7166145,139.23950727625478
1704355531,4453985,163.67154877933035
1704360227,1123819,206.36371873383987
1704360728,7410609,201.07884858431015
1704362874,8815464,113.3054500406532
1704362982,1629524,187.62835134461588
1704363010,6325528,195.37347227518143
1704365284,6910504,171.1485675454275
1704365555,8099708,139.69962235273292
1704365933,8385404,106.9575458517277
1704367174,6152155,181.54883617168576
1704368703,7136049,177.89591724951842
1704368911,4312724,181.2054537451316
1704370560,1365374,140.61656928378147
1704371699,2183244,162.38460009845437
1704371848,9305018,107.99736535534136
1704373743,4639655,190.78564994266154
1704377818,4245304,157.96972313500186
1704377835,8787536,143.29351441216147
1704380169,7536097,109.44498540463393
1704382518,4009722,197.63372850187943
1704383894,8671489,107.18045538694598
1704386183,5016364,94.5362069975267
1704387183,3693335,195.2564155571238
1704387411,4146481,118.18148091279485
1704387899,1012315,164.54401789683135
1704388045,1115213,148.02251395847136
1704388215,6549970,163.41589701970338
1704389418,4355425,193.9936825958057
1704391380,8178590,218.48749129808894
1704391522,2838087,139.19748932861117
1704392482,6309336,140.75132645488256
1704395596,1352049,105.92129777721593
1704396541,6389695,100.00649037017479
1704397755,9724913,107.84771038219353
1704399536,7452418,164.94817721793902
1704400393,3075028,148.4876186088001
1704400574,1487364,121.80373437785006
1704402439,6736629,174.33722021502683
1704403517,2911511,144.82411684678868
1704403540,4918178,161.39292153762617
1704407979,7437965,187.7060450675474
1704412129,4206760,151.14411298998502
1704413555,1063044,119.8761512441132
1704413983,8105043,157.23365200114256
1704414419,2607349,169.50015144106757
1704414650,2224032,171.40681119860355
1704415390,6328539,207.98527568220385
1704417873,8050769,167.87368694385168
1704418134,9214802,179.2367537836371
1704418773,6023069,177.14804991638
1704422599,1196275,189.13855203662155
1704423855,4150567,81.95164397368596
1704425926,3478148,135.51543633826097
1704427419,9645669,159.1692373990502
1704427534,3936893,97.55319882535275
1704427788,8355729,150.72911057285017
1704429110,5540867,228.25534627324276
1704429947,6144258,145.89458369335355
1704431582,2532199,182.76907917912183
1704433696,8609684,168.7768021998542
1704436428,3545334,127.06167244280967
1704440930,4702959,139.18136287467695
1704441786,3707234,174.75981008031312
1704442926,8719963,185.28254672315316
1704446002,5411735,126.46452985588165
1704448120,4297703,173.41852429531534
1704448339,1812758,115.95005507197686
1704452547,4289155,124.90101021844848
1704452626,5618639,150.60630159836876
1704453204,2420835,105.12903134899788
1704455456,6801311,148.3121114053917
1704456120,5108040,111.68428608852481
1704457099,5401276,125.24553518269943
1704458533,9366235,119.71296489959894
1704465678,7704315,164.14478923522492
1704473143,7807263,148.25659578209286
1704473525,9309688,131.06864886810092
1704474226,6255972,195.04403344710164
1704478535,3575238,128.02788038458954
1704479351,2436190,151.83487625440665
1704479626,4571684,195.4547630651818
1704480019,7200895,122.05075844951062
1704480850,7661298,159.14459225839187
1704481124,1001300,192.17275315981553
1704483035,8975252,140.7033903881077
1704483696,8731415,161.75884254229035
1704488788,7817300,133.19614932219153
1704491948,6476778,110.81372126338044
1704493028,8749832,146.85455019072685
1704495477,5127471,135.60390292993102
1704496708,2851362,138.01058680379074
1704499003,3288827,154.40720996530035
1704504880,2626401,159.66840327729014
1704505158,7895517,138.10925805349981
1704508188,4550175,154.05619689934528
1704510035,6046180,207.45473840062243
1704510264,6013684,157.87792766153692
1704511455,6864420,162.12521579877904
1704511791,9312073,130.70372923439493
1704514166,5350657,154.75183622692657
1704516862,8357986,193.29115727817117
1704517891,1554553,160.5346855532543
1704519915,2422250,161.30185565761568
1704521110,3436662,116.88886162360086
1704523575,4572225,166.28364297086821
1704523945,2898051,146.79146292527594
1704528912,2235111,120.50319646336675
1704530564,5229891,158.18342579569122
1704533429,1647757,155.72326726848496
1704534126,4945325,136.66872445435064
1704534543,8890157,109.57072570271295
1704534584,7441266,178.34817010911726
1704534902,2481441,147.26434555452917
1704536379,3355227,166.729439683458
1704540699,6223715,160.658755945815
1704541857,4291153,167.8448226776648
1704542142,9855057,181.50786553914236
1704543356,7045807,188.97647879611725
1704544288,5928700,108.73669983336089
1704545018,8728245,158.78704538724213
1704551445,7715406,182.93017904315917
1704552302,8548346,173.09860107583447
1704552908,7722849,116.94759736332888
1704553708,1764429,119.3584174971819
1704557591,4051311,116.54325320752392
1704557663,2905312,115.12702137913314
1704558257,9845270,163.41347714723918
1704558687,8612644,109.38436283206693
1704561343,7724765,177.59314720288373
1704564963,9957270,165.3354025422693
1704564975,4189048,142.95121980597457
1704572162,6119542,141.3194414709484
1704573090,5897484,126.27358484259226
1704577250,1449135,143.3219323688739
1704578951,6323881,107.1631181017405
1704581375,3265957,144.0632093535466
1704581956,3292919,134.94888539711857
1704582200,4309873,172.8382292420258
1704582302,3923458,181.4110738681091
1704582795,1135835,186.2392255131679
1704584280,3949599,165.10267766464972
1704584662,3073927,181.73092911173305
1704586357,3566879,119.86771261258966
1704586842,8046797,127.24371034439858
1704588590,4333859,113.58945279401352
1704589144,2462702,161.69910162424537
1704593753,7971852,154.09806570513194
1704594304,5531174,130.75570819616684
1704595149,6582614,202.36583194271796
1704596455,9512755,158.3038751967956
1704598303,1608746,196.19779720151521
1704598498,1532978,162.89809829062924
1704599022,7663400,189.19489562906074
1704599768,3148429,159.54234368171527
1704600686,5282458,164.63651218130897
1704603136,9747121,187.89693568096652
1704604216,4783967,162.49452741546142
1704609245,9615229,185.54051679636342
1704610786,2135788,102.2838375795904
1704611696,3860842,165.05333140603028
1704611698,2308331,195.56549512566426
1704613571,6329578,125.3476480851961
1704616312,3207784,116.47966466473892
1704618632,7043870,188.56047060559206
1704618724,2733470,133.6760341306826
1704621936,7406773,129.7742158350099
1704624868,5366358,133.60808721950704
1704625168,6424706,146.99937448299298
1704625500,9076756,145.42440327482626
1704628018,7766493,135.98850105701848
1704628154,9698550,140.33781308910233
1704628521,5151933,155.2327217944604
1704630602,5248826,101.59494465877154
1704631197,4952723,127.5292179644799
1704632609,4257217,145.86961482567077
1704632821,7672119,95.67287360160441
1704632883,3982870,158.8370206490735
1704637495,3699938,146.0329699285167
1704637915,9688823,123.33127116730468
1704638323,7005939,154.18298367653568
1704638822,5337034,85.60506630655941
1704641031,3366992,178.69470669134128
1704642491,9963772,175.29597397422475
1704643231,7343946,156.8231891033713
1704643603,4547596,169.76436659817827
1704644378,5314418,95.08868976895846
1704646656,1864724,176.49622269848493
1704647681,5393630,139.0248944629365
1704647968,1998978,214.41279923097417
1704649762,5039972,165.49004800838892
1704655277,9381446,130.88514601167714
1704655311,2389412,201.21696261362962
1704655969,3278353,173.0597412899377
1704656259,3396348,170.9440779666777
1704656752,7757019,163.10989167785053
1704660745,9558053,144.18704392432372
1704662085,5120929,173.73555653489845
1704662856,8745519,155.08453134062995
1704663263,9280820,109.5456690107392
1704667492,6355722,216.60573636033286
1704668406,5081071,155.03453685051417
1704673187,7645503,204.4828942398509
1704673243,9492324,189.83924466289685
1704673837,3863404,124.48114972818713
1704674651,1596174,158.53570215280243
1704675160,5919572,154.47034724241047
1704678075,5418395,164.1850522263602
1704679284,8351749,159.4181152803141
1704684055,4239917,141.08884144372809
1704684128,7951761,143.77616322153196
1704685759,6302187,130.38078440265704
1704685935,9651629,122.21492750024292
1704686603,4008476,122.19063137830013
1704686655,9740134,146.47763628890254
1704686995,5815445,161.38850877215842
1704687865,3250976,123.65117908498456
1704688791,9485950,190.0443429431414
1704692238,3988389,110.23977614244346
1704693972,1733147,149.8108471774426
1704694294,4247275,120.07711766867538
